Рейтинг выгоды,Эффективный курс (RUB/USD),Курс (RUB/INR),Номинал (INR),Номинал эквивалент (USD),Цена со скидкой (RUB),Базовая цена (RUB),Тип скидки,Название товара,Рейтинг,ID Магазина,Ссылка
1,80.47,0.8400,250.0,2.61,210.0,508.0,alfaBank,"Подарочная карта Apple App Store & iTunes, 250 INR, Индийских рупий, оригинальный код, Индия",4.8,216778492,https://market.yandex.ru/product/5680749340
2,81.90,0.8550,200.0,2.09,171.0,410.0,alfaBank,"Подарочная карта Apple App Store & iTunes, 200 INR, Индийских рупий, оригинальный код, Индия",4.8,216778492,https://market.yandex.ru/product/5680749340
3,82.38,0.8600,100.0,1.04,86.0,205.0,alfaBank,"Подарочная карта Apple App Store & iTunes, 100 INR, Индийских рупий, оригинальный код, Индия",4.8,216778492,https://market.yandex.ru/product/5680749340
4,83.92,0.8760,500.0,5.22,438.0,1025.0,alfaBank,"Подарочная карта Apple App Store & iTunes, 500 INR, Индийских рупий, оригинальный код, Индия",4.8,216778492,https://market.yandex.ru/product/5680749340
5,84.68,0.8840,250.0,2.61,221.0,348.0,alfaBank,Apple Индия 250 INR пополнение баланса / App Store & iTunes India 250 INR цифровой код / Apple ID Gift Card,5.0,216787513,https://market.yandex.ru/product/5782608507
6,84.78,0.8850,200.0,2.09,177.0,279.0,alfaBank,Apple Индия 200 INR пополнение баланса / App Store & iTunes India 200 INR цифровой код / Apple ID Gift Card,5.0,216787513,https://market.yandex.ru/product/5782608507
7,85.26,0.8900,100.0,1.04,89.0,125.0,alfaBank,Подарочная карта Apple 100 INR / Пополнение App Store & iTunes на 100 рупий / цифровой код / мгновенная выдача,5.0,204056393,https://market.yandex.ru/product/5824544463
8,86.21,0.9000,100.0,1.04,90.0,140.0,alfaBank,Apple Индия 100 INR пополнение баланса / App Store & iTunes India 100 INR цифровой код / Apple ID Gift Card,5.0,216787513,https://market.yandex.ru/product/5782608507
9,86.21,0.9000,250.0,2.61,225.0,380.0,alfaBank,"Apple Подарочная карта на 250 INR (Индия/IN, цифровой код)",4.9,216734987,https://market.yandex.ru/product/5703215743
10,86.98,0.9080,250.0,2.61,227.0,321.0,alfaBank,"Подарочная карта Apple App Store на 250 INR (рупия Индия), подарочная карта Эпл, Apple Gift Card iTunes",N/A,43342480,https://market.yandex.ru/product/6138481910
11,86.98,0.9080,250.0,2.61,227.0,403.0,alfaBank,"Подарочная карта App Store & iTunes 250 INR (рупии) регион Индия, пополнение баланса, цифровой код активации",4.6,216679128,https://market.yandex.ru/product/5652834599
12,87.17,0.9100,100.0,1.04,91.0,154.0,alfaBank,"Apple Подарочная карта на 100 INR (Индия/IN, цифровой код)",4.9,216734987,https://market.yandex.ru/product/5703215743
13,87.17,0.9100,100.0,1.04,91.0,161.0,alfaBank,"Подарочная карта App Store & iTunes 100 INR (рупии) регион Индия, пополнение баланса, цифровой код активации",4.6,216679128,https://market.yandex.ru/product/5652834599
14,87.17,0.9100,200.0,2.09,182.0,307.0,alfaBank,"Apple Подарочная карта на 200 INR (Индия/IN, цифровой код)",4.9,216734987,https://market.yandex.ru/product/5703215743
15,87.17,0.9100,200.0,2.09,182.0,533.0,alfaBank,Подарочная карта Apple 200 INR | Пополнение Apple ID Индия | App Store & iTunes | Apple Gift Card,4.8,216920557,https://market.yandex.ru/product/5956051579
16,87.36,0.9120,500.0,5.22,456.0,697.0,alfaBank,Apple Индия 500 INR пополнение баланса / App Store & iTunes India 500 INR цифровой код / Apple ID Gift Card,5.0,216787513,https://market.yandex.ru/product/5782608507
17,88.13,0.9200,100.0,1.04,92.0,130.0,alfaBank,"Подарочная карта Apple App Store на 100 INR (рупия Индия), подарочная карта Эпл, Apple Gift Card iTunes",N/A,43342480,https://market.yandex.ru/product/6138481910
18,88.13,0.9200,100.0,1.04,92.0,249.0,alfaBank,Подарочная карта Apple 100 INR | Пополнение Apple ID Индия | App Store & iTunes | Apple Gift Card,4.8,216920557,https://market.yandex.ru/product/5956051579
19,88.13,0.9200,200.0,2.09,184.0,260.0,alfaBank,"Подарочная карта Apple App Store на 200 INR (рупия Индия), подарочная карта Эпл, Apple Gift Card iTunes",N/A,43342480,https://market.yandex.ru/product/6138481910
20,89.57,0.9350,200.0,2.09,187.0,369.0,alfaBank,Подарочная карта App Store & iTunes Code (Apple ID) на 200 Индийских рупий | Индия | Оригинальный код,4.6,212664758,https://market.yandex.ru/product/1160990588
21,89.66,0.9360,250.0,2.61,234.0,462.0,alfaBank,Подарочная карта App Store & iTunes Code (Apple ID) на 250 Индийских рупий | Индия | Оригинальный код,4.6,212664758,https://market.yandex.ru/product/1160990588
22,90.43,0.9440,250.0,2.61,236.0,469.0,alfaBank,"Подарочная карта Apple Индия 250 рупий (INR) | пополнение Apple ID, Itunes, Appstore | Цифровой код",5.0,216970832,https://market.yandex.ru/product/5742967389
23,90.81,0.9480,250.0,2.61,237.0,409.0,alfaBank,Карта пополнения App Store 250 INR Индия | Цифровой код,4.7,216877993,https://market.yandex.ru/product/5868519520
24,91.00,0.9500,100.0,1.04,95.0,140.0,alfaBank,"Подарочная карта Apple, пополнение счета App Store, iTunes, 100 INR, Индия",4.6,83799497,https://market.yandex.ru/product/5198634229
25,91.00,0.9500,100.0,1.04,95.0,187.0,alfaBank,Подарочная карта App Store & iTunes Code (Apple ID) на 100 Индийских рупий | Индия | Оригинальный код,4.6,216537973,https://market.yandex.ru/product/1160990588
26,91.20,0.9520,250.0,2.61,238.0,350.0,alfaBank,"Подарочная карта Apple, пополнение счета App Store, iTunes, 250 INR, Индия",4.6,83799497,https://market.yandex.ru/product/5144655495
27,91.48,0.9550,200.0,2.09,191.0,379.0,alfaBank,"Подарочная карта Apple Индия 200 рупий (INR) | пополнение Apple ID, Itunes, Appstore | Цифровой код",5.0,216970832,https://market.yandex.ru/product/5742967389
28,91.48,0.9550,1000.0,10.44,955.0,2031.0,alfaBank,"Подарочная карта Apple App Store & iTunes, 1000 INR, Индийских рупий, оригинальный код, Индия",4.8,216778492,https://market.yandex.ru/product/5680749340
29,91.77,0.9580,500.0,5.22,479.0,768.0,alfaBank,"Apple Подарочная карта на 500 INR (Индия/IN, цифровой код)",4.9,216734987,https://market.yandex.ru/product/5703215743
30,91.77,0.9580,500.0,5.22,479.0,806.0,alfaBank,"Подарочная карта App Store & iTunes 500 INR (рупии) регион Индия, пополнение баланса, цифровой код активации",4.6,216679128,https://market.yandex.ru/product/5652834599
31,91.96,0.9600,200.0,2.09,192.0,280.0,alfaBank,"Подарочная карта Apple, пополнение счета App Store, iTunes, 200 INR, Индия",4.6,83799497,https://market.yandex.ru/product/5144655495
32,91.96,0.9600,200.0,2.09,192.0,330.0,alfaBank,Карта пополнения App Store 200 INR Индия | Цифровой код,4.7,216877993,https://market.yandex.ru/product/5868519520
33,92.73,0.9680,250.0,2.61,242.0,513.0,alfaBank,Подарочная карта Apple iTunes 250 рупий (Индия) | App Store & iTunes Gift Card 250 INR - Автовыдача 24/7,5.0,216665167,https://market.yandex.ru/product/5553846708
34,92.73,0.9680,250.0,2.61,242.0,513.0,alfaBank,Подарочная карта Apple iTunes 250 рупий (Индия) | App Store & iTunes Gift Card 250 INR - Автовыдача 24/7,4.9,216781897,https://market.yandex.ru/product/5592716561
35,92.73,0.9680,250.0,2.61,242.0,533.0,alfaBank,Подарочная карта Apple Индия 250 INR для пополнение счёта в App Store и iTunes,4.9,216700142,https://market.yandex.ru/product/5697759457
36,92.92,0.9700,100.0,1.04,97.0,165.0,alfaBank,Карта пополнения App Store 100 INR Индия | Цифровой код,4.7,216877993,https://market.yandex.ru/product/5868519520
37,92.92,0.9700,100.0,1.04,97.0,190.0,alfaBank,"Подарочная карта Apple Индия 100 рупий (INR) | пополнение Apple ID, Itunes, Appstore | Цифровой код",5.0,216970832,https://market.yandex.ru/product/5742967389
38,92.92,0.9700,500.0,5.22,485.0,649.0,alfaBank,"Подарочная карта Apple App Store на 500 INR (рупия Индия), подарочная карта Эпл, Apple Gift Card iTunes",N/A,43342480,https://market.yandex.ru/product/6138481910
39,93.11,0.9720,250.0,2.61,243.0,406.0,alfaBank,"Подарочная карта Apple Gift Card (iTunes) ₹250 Индия — цифровой код Apple ID, App Store",4.8,216781270,https://market.yandex.ru/product/5903333322
40,93.11,0.9720,500.0,5.22,486.0,922.0,alfaBank,Подарочная карта App Store & iTunes Code (Apple ID) на 500 Индийских рупий | Индия | Оригинальный код,4.6,212664758,https://market.yandex.ru/product/6129668442
41,93.11,0.9720,500.0,5.22,486.0,922.0,alfaBank,Подарочная карта App Store & iTunes Code (Apple ID) на 500 Индийских рупий | Индия | Оригинальный код,4.6,216537973,https://market.yandex.ru/product/6129668442
42,93.49,0.9760,250.0,2.61,244.0,499.0,alfaBank,Подарочная карта Apple iTunes 250 INR индийских рупий Индия / App Store & iTunesIndia / Карта пополнения Apple ID,4.9,216516237,https://market.yandex.ru/product/6129668442
43,93.88,0.9800,100.0,1.04,98.0,207.0,alfaBank,Подарочная карта Apple iTunes 100 рупий (Индия) | App Store & iTunes Gift Card 100 INR - Автовыдача 24/7,4.9,216781897,https://market.yandex.ru/product/5592716561
44,93.88,0.9800,100.0,1.04,98.0,207.0,alfaBank,Подарочная карта Apple iTunes 100 рупий (Индия) | App Store & iTunes Gift Card 100 INR - Автовыдача 24/7,5.0,216665167,https://market.yandex.ru/product/5553846708
45,93.88,0.9800,100.0,1.04,98.0,259.0,alfaBank,Подарочная карта Apple iTunes 100 INR индийских рупий Индия / App Store & iTunesIndia / Карта пополнения Apple ID,4.9,216516237,https://market.yandex.ru/product/5777264402
46,94.84,0.9900,100.0,1.04,99.0,197.0,alfaBank,Подарочная карта Apple Индия 100 INR для пополнение счёта в App Store и iTunes,4.9,216700142,https://market.yandex.ru/product/5697759457
47,94.84,0.9900,200.0,2.09,198.0,295.0,alfaBank,Подарочная карта Apple iTunes 200 INR индийских рупий Индия / App Store & iTunesIndia / Карта пополнения Apple ID,4.9,216516237,https://market.yandex.ru/product/5777264402
48,95.03,0.9920,500.0,5.22,496.0,948.0,alfaBank,"Подарочная карта Apple Индия 500 рупий (INR) | пополнение Apple ID, Itunes, Appstore | Цифровой код",5.0,216970832,https://market.yandex.ru/product/5742967389
49,95.79,1.0000,100.0,1.04,100.0,202.0,alfaBank,Подарочная карта оплаты App Store на 100 INR рупий | моментально | оригинальный код iTunes Gift Card India,5.0,212264089,https://market.yandex.ru/product/6129668442
50,95.99,1.0020,500.0,5.22,501.0,670.0,alfaBank,"Подарочная карта Apple iTunes 500 INR Индия, пополнение счета iTunes Gift Card India",4.8,101752891,https://market.yandex.ru/product/6129668442
51,96.27,1.0050,200.0,2.09,201.0,285.0,alfaBank,"Подарочная карта Apple iTunes 200 INR Индия, пополнение счета iTunes Gift Card India",4.8,101752891,https://market.yandex.ru/product/6129668442
52,96.51,1.0074,1750.0,18.27,1763.0,2299.0,alfaBank,Подарочная карта/карта оплаты Apple (Apple ID) App Store & iTunes Code на 1750 INR | India | Оригинальный код,4.6,208900360,https://market.yandex.ru/product/1237936207
53,96.56,1.0080,500.0,5.22,504.0,700.0,alfaBank,"Подарочная карта Apple, пополнение счета App Store, iTunes, 500 INR, Индия",4.6,83799497,https://market.yandex.ru/product/5144655495
54,96.75,1.0100,400.0,4.18,404.0,590.0,alfaBank,Подарочная карта Apple iTunes 400 INR индийских рупий Индия / App Store & iTunesIndia / Карта пополнения Apple ID,4.9,216516237,https://market.yandex.ru/product/5777264402
55,97.33,1.0160,1000.0,10.44,1016.0,1393.0,alfaBank,Apple Индия 1000 INR пополнение баланса / App Store & iTunes India 1000 INR цифровой код / Apple ID Gift Card,5.0,216787513,https://market.yandex.ru/product/5782608507
56,97.71,1.0200,100.0,1.04,102.0,499.0,alfaBank,"Подарочная карта Apple iTunes 100 INR (Индия) /App Store & iTunes Gift Card INR/ Рупий (India), Цифровой ключ",4.8,206471363,https://market.yandex.ru/product/6129668442
57,97.71,1.0200,500.0,5.22,510.0,682.0,alfaBank,"Карта пополнения App Store & iTunes India — 500 INR, цифровой код",N/A,216809048,https://market.yandex.ru/product/5739572706
58,98.09,1.0240,250.0,2.61,256.0,362.0,alfaBank,Подарочная карта App Store на 250 INR | Индия | Цифровой код,N/A,216897397,https://market.yandex.ru/product/6047292431
59,98.48,1.0280,500.0,5.22,514.0,816.0,alfaBank,"Подарочная карта Apple Gift Card (iTunes) ₹500 Индия — цифровой код Apple ID, App Store",4.8,216781270,https://market.yandex.ru/product/5903333322
60,98.67,1.0300,500.0,5.22,515.0,899.0,alfaBank,Подарочная карта Apple iTunes 500 INR Индия / App Store & iTunes Gift Card IN India / Пополнение Apple ID,4.9,216516237,https://market.yandex.ru/product/5777264402
61,99.15,1.0350,1000.0,10.44,1035.0,2068.0,alfaBank,Подарочная карта Apple 1000 INR | Пополнение Apple ID Индия | App Store & iTunes | Apple Gift Card,4.8,216920557,https://market.yandex.ru/product/5956051579
62,99.24,1.0360,250.0,2.61,259.0,429.0,alfaBank,Подарочная карта/карта оплаты Apple (Apple ID) App Store & iTunes Code на 250 INR | India | Оригинальный код,4.6,208900360,https://market.yandex.ru/product/6129668442
63,99.63,1.0400,100.0,1.04,104.0,179.0,alfaBank,Подарочная карта/карта оплаты Apple (Apple ID) App Store & iTunes Code на 100 INR | India | Оригинальный код,4.6,208900360,https://market.yandex.ru/product/1237936207
64,99.63,1.0400,100.0,1.04,104.0,400.0,alfaBank,"Подарочная карта Apple 100 INR / Карта пополнения AppStore&iTunes / Индия, рупии",4.9,53542432,https://market.yandex.ru/product/5987101572
65,100.01,1.0440,250.0,2.61,261.0,800.0,alfaBank,"Подарочная карта Apple 250 INR / Карта пополнения AppStore&iTunes / Индия, рупии",4.9,53542432,https://market.yandex.ru/product/5987101572
66,100.39,1.0480,1500.0,15.66,1572.0,3056.0,alfaBank,"Подарочная карта Apple App Store & iTunes, 1500 INR, Индийских рупий, оригинальный код, Индия",4.8,216778492,https://market.yandex.ru/product/5680749340
67,100.58,1.0500,500.0,5.22,525.0,902.0,alfaBank,Подарочная карта Apple Индия 500 INR для пополнение счёта в App Store и iTunes,4.9,216700142,https://market.yandex.ru/product/5697759457
68,100.77,1.0520,250.0,2.61,263.0,371.0,alfaBank,"Карта пополнения App Store & iTunes India — 250 INR, цифровой код",N/A,216809048,https://market.yandex.ru/product/5739572706
69,100.97,1.0540,1000.0,10.44,1054.0,1612.0,alfaBank,"Подарочная карта App Store & iTunes 1000 INR (рупии) регион Индия, пополнение баланса, цифровой код активации",4.6,216679128,https://market.yandex.ru/product/5652834599
70,101.25,1.0570,1000.0,10.44,1057.0,1521.0,alfaBank,"Apple Подарочная карта на 1000 INR (Индия/IN, цифровой код)",4.9,216734987,https://market.yandex.ru/product/5703215743
71,101.54,1.0600,100.0,1.04,106.0,150.0,alfaBank,"Подарочная карта Apple iTunes 100 INR Индия, пополнение счета iTunes Gift Card India",4.8,101752891,https://market.yandex.ru/product/895034808
72,101.54,1.0600,100.0,1.04,106.0,155.0,alfaBank,"Подарочная карта Apple iTunes 100 INR Индия / Пополнение счета, цифровой код",4.8,73933863,https://market.yandex.ru/product/6068550353
73,101.54,1.0600,200.0,2.09,212.0,423.0,alfaBank,Подарочная карта Apple Индия 200 INR для пополнение счёта в App Store и iTunes,4.9,216700142,https://market.yandex.ru/product/5697759457
74,101.54,1.0600,500.0,5.22,530.0,1001.0,alfaBank,Подарочная карта Apple 500 INR | Пополнение Apple ID Индия | App Store & iTunes | Apple Gift Card,4.8,216920557,https://market.yandex.ru/product/5956051579
75,101.54,1.0600,1000.0,10.44,1060.0,1286.0,alfaBank,"Подарочная карта Apple App Store на 1000 INR (рупия Индия), подарочная карта Эпл, Apple Gift Card iTunes",N/A,43342480,https://market.yandex.ru/product/6138481910
76,102.02,1.0650,600.0,6.26,639.0,886.0,alfaBank,Подарочная карта Apple iTunes 600 INR индийских рупий Индия / App Store & iTunesIndia / Карта пополнения Apple ID,4.9,216516237,https://market.yandex.ru/product/5777264402
77,102.20,1.0669,2750.0,28.71,2934.0,3799.0,yaBank,Подарочная карта/карта оплаты Apple (Apple ID) App Store & iTunes Code на 2750 INR | India | Оригинальный код,4.6,208900360,https://market.yandex.ru/product/1237936207
78,102.31,1.0680,250.0,2.61,267.0,541.0,alfaBank,Подарочная карта оплаты App Store на 250 INR рупий | моментально | оригинальный код iTunes Gift Card India,5.0,212264089,https://market.yandex.ru/product/1319254929
79,102.69,1.0720,1000.0,10.44,1072.0,1845.0,alfaBank,"Подарочная карта Apple Индия 1000 рупий (INR) | пополнение Apple ID, Itunes, Appstore | Цифровой код",5.0,216970832,https://market.yandex.ru/product/5742967389
80,102.98,1.0750,200.0,2.09,215.0,435.0,alfaBank,Подарочная карта оплаты App Store на 200 INR рупий | моментально | оригинальный код iTunes Gift Card India,5.0,212264089,https://market.yandex.ru/product/1319254929
81,102.98,1.0750,200.0,2.09,215.0,600.0,alfaBank,"Подарочная карта Apple 200 INR / Карта пополнения AppStore&iTunes / Индия, рупии",4.9,53542432,https://market.yandex.ru/product/5987101572
82,102.98,1.0750,200.0,2.09,215.0,460.0,alfaBank,Apple Gift Card 200 INR Индия пополнение кошелька автовыдача / Apple Gift Card India 200 INR код активации,N/A,216954397,https://market.yandex.ru/product/6074579107
83,102.98,1.0750,1000.0,10.44,1075.0,1826.0,alfaBank,Подарочная карта App Store & iTunes Code (Apple ID) на 1000 Индийских рупий | Индия | Оригинальный код,4.6,216537973,https://market.yandex.ru/product/1160990588
84,103.07,1.0760,250.0,2.61,269.0,580.0,alfaBank,Apple Gift Card 250 INR Индия пополнение кошелька автовыдача / Apple Gift Card India 250 INR код активации,N/A,216954397,https://market.yandex.ru/product/6074579107
85,104.42,1.0900,200.0,2.09,218.0,319.0,alfaBank,"Подарочная карта Apple iTunes 200 INR Индия / Пополнение счета, цифровой код",4.8,73933863,https://market.yandex.ru/product/6068550353
86,104.73,1.0933,300.0,3.13,328.0,549.0,alfaBank,Подарочная карта/карта оплаты Apple (Apple ID) App Store & iTunes Code на 300 INR | India | Оригинальный код,4.6,208900360,https://market.yandex.ru/product/1237936207
87,104.86,1.0947,750.0,7.83,821.0,1097.0,alfaBank,Подарочная карта Apple iTunes 750 INR индийских рупий Индия / App Store & iTunesIndia / Карта пополнения Apple ID,4.9,216516237,https://market.yandex.ru/product/5777264402
88,105.37,1.1000,100.0,1.04,110.0,240.0,alfaBank,Apple Gift Card 100 INR Индия пополнение кошелька автовыдача / Apple Gift Card India 100 INR код активации,N/A,216954397,https://market.yandex.ru/product/6074579107
89,105.85,1.1050,200.0,2.09,221.0,311.0,alfaBank,"Карта пополнения App Store & iTunes India — 200 INR, цифровой код",N/A,216809048,https://market.yandex.ru/product/5739572706
90,105.95,1.1060,1000.0,10.44,1106.0,1326.0,alfaBank,"Карта пополнения App Store & iTunes India — 1000 INR, цифровой код",N/A,216809048,https://market.yandex.ru/product/5739572706
91,106.14,1.1080,250.0,2.61,277.0,392.0,alfaBank,App Store & iTunes 250 INR [OTHER / IN],N/A,216840946,https://market.yandex.ru/product/5819716442
92,106.17,1.1083,3500.0,36.54,3879.0,4899.0,alfaBank,Подарочная карта/карта оплаты Apple (Apple ID) App Store & iTunes Code на 3500 INR | India | Оригинальный код,4.6,208900360,https://market.yandex.ru/product/1237936207
93,106.27,1.1093,1500.0,15.66,1664.0,2090.0,alfaBank,Apple Индия 1500 INR пополнение баланса / App Store & iTunes India 1500 INR цифровой код / Apple ID Gift Card,5.0,216787513,https://market.yandex.ru/product/5782608507
94,106.37,1.1104,5000.0,52.20,5552.0,10154.0,alfaBank,"Подарочная карта Apple App Store & iTunes, 5000 INR, Индийских рупий, оригинальный код, Индия",4.8,216778492,https://market.yandex.ru/product/5680749340
95,106.39,1.1107,3000.0,31.32,3332.0,6092.0,alfaBank,"Подарочная карта Apple App Store & iTunes, 3000 INR, Индийских рупий, оригинальный код, Индия",4.8,216778492,https://market.yandex.ru/product/5680749340
96,106.52,1.1120,500.0,5.22,556.0,1600.0,alfaBank,"Подарочная карта Apple 500 INR / Карта пополнения AppStore&iTunes / Индия, рупии",4.9,53542432,https://market.yandex.ru/product/5987101572
97,106.52,1.1120,2000.0,20.88,2224.0,4062.0,alfaBank,"Подарочная карта Apple App Store & iTunes, 2000 INR, Индийских рупий, оригинальный код, Индия",4.8,216778492,https://market.yandex.ru/product/5680749340
98,106.64,1.1132,2500.0,26.10,2783.0,5087.0,alfaBank,"Подарочная карта Apple App Store & iTunes, 2500 INR, Индийских рупий, оригинальный код, Индия",4.8,216778492,https://market.yandex.ru/product/5680749340
99,106.64,1.1133,20000.0,208.78,22265.0,24738.0,withDiscount,"Подарочная карта Apple 20000 INR для Apple ID, регион Индия",N/A,216956706,https://market.yandex.ru/product/6155081073
100,106.69,1.1138,5000.0,52.20,5569.0,6184.0,withDiscount,"Подарочная карта Apple 5000 INR для Apple ID, регион Индия",N/A,216956706,https://market.yandex.ru/product/6155081073
101,106.74,1.1142,4000.0,41.76,4457.0,4948.0,withDiscount,"Подарочная карта Apple 4000 INR для Apple ID, регион Индия",N/A,216956706,https://market.yandex.ru/product/6155081073
102,106.75,1.1143,3000.0,31.32,3343.0,3710.0,withDiscount,"Подарочная карта Apple 3000 INR для Apple ID, регион Индия",N/A,216956706,https://market.yandex.ru/product/6155081073
103,106.81,1.1150,200.0,2.09,223.0,314.0,alfaBank,App Store & iTunes 200 INR [OTHER / IN],N/A,216840946,https://market.yandex.ru/product/5819716459
104,107.29,1.1200,100.0,1.04,112.0,182.0,alfaBank,Карта/код пополнения | App Store | iTunes | Gift Card | 100 INR (Рупия) | Индия,5.0,94154873,https://market.yandex.ru/product/6128289612
105,107.60,1.1232,5000.0,52.20,5616.0,6184.0,alfaBank,Подарочная карта Apple на 5000 INR Индия | Пополнение Apple ID Индия | Карта пополнения iCloud | iTunes Gift Card,3.0,216567080,https://market.yandex.ru/product/5576991026
106,107.65,1.1238,4000.0,41.76,4495.0,4948.0,alfaBank,Подарочная карта Apple на 4000 INR Индия | Пополнение Apple ID Индия | Карта пополнения iCloud | iTunes Gift Card,3.0,216567080,https://market.yandex.ru/product/5576991026
107,107.67,1.1240,250.0,2.61,281.0,470.0,alfaBank,"Подарочная карта App Store на 250 INR Индия | Apple Gift Card, быстрая выдача",4.6,216837355,https://market.yandex.ru/product/6009592741
108,107.67,1.1240,3000.0,31.32,3372.0,3710.0,alfaBank,Подарочная карта Apple на 3000 INR Индия | Пополнение Apple ID Индия | Карта пополнения iCloud | iTunes Gift Card,3.0,216567080,https://market.yandex.ru/product/5576991026
109,107.86,1.1260,1000.0,10.44,1126.0,1350.0,alfaBank,"Подарочная карта Apple iTunes 1000 INR Индия, пополнение счета iTunes Gift Card India",4.8,101752891,https://market.yandex.ru/product/6129668442
110,108.25,1.1300,100.0,1.04,113.0,160.0,alfaBank,App Store & iTunes 100 INR [OTHER / IN],N/A,216840946,https://market.yandex.ru/product/5819716441
111,108.25,1.1300,1000.0,10.44,1130.0,1607.0,alfaBank,"Подарочная карта Apple Gift Card (iTunes) ₹1000 Индия — цифровой код Apple ID, App Store",4.8,216781270,https://market.yandex.ru/product/5903333322
112,108.44,1.1320,1000.0,10.44,1132.0,1411.0,alfaBank,"Подарочная карта Apple Gift Card / App Store 1000 INR, регион India, цифровой код, автовыдача",N/A,216325800,https://market.yandex.ru/product/5875451654
113,108.73,1.1350,200.0,2.09,227.0,380.0,alfaBank,"Подарочная карта App Store на 200 INR Индия | Apple Gift Card, быстрая выдача",4.6,216837355,https://market.yandex.ru/product/6009592741
114,108.91,1.1369,10000.0,104.39,11369.0,14299.0,alfaBank,Подарочная карта/карта оплаты Apple (Apple ID) App Store & iTunes Code на 10000 INR | India | Оригинальный код,4.6,208900360,https://market.yandex.ru/product/6129668442
115,109.01,1.1380,500.0,5.22,569.0,1085.0,alfaBank,Подарочная карта оплаты App Store на 500 INR рупий | моментально | оригинальный код iTunes Gift Card India,5.0,212264089,https://market.yandex.ru/product/1319254929
116,109.01,1.1380,1000.0,10.44,1138.0,1827.0,alfaBank,Подарочная карта Apple Индия 1000 INR для пополнение счёта в App Store и iTunes,4.9,216700142,https://market.yandex.ru/product/5697759457
117,109.20,1.1400,100.0,1.04,114.0,190.0,alfaBank,"Подарочная карта App Store на 100 INR Индия | Apple Gift Card, быстрая выдача",4.6,216837355,https://market.yandex.ru/product/6009592741
118,109.20,1.1400,200.0,2.09,228.0,322.0,alfaBank,App Store & iTunes 200 INR (Other; PC; Регион активации Индия),N/A,54181517,https://market.yandex.ru/product/5555131797
119,109.20,1.1400,500.0,5.22,570.0,1150.0,alfaBank,Apple Gift Card 500 INR Индия пополнение кошелька автовыдача / Apple Gift Card India 500 INR код активации,N/A,216954397,https://market.yandex.ru/product/6074579107
120,109.20,1.1400,1000.0,10.44,1140.0,1400.0,alfaBank,"Подарочная карта Apple, пополнение счета App Store, iTunes, 1 000 INR, Индия",4.6,83799497,https://market.yandex.ru/product/5144655495
121,109.28,1.1408,1250.0,13.05,1426.0,1999.0,alfaBank,Подарочная карта/карта оплаты Apple (Apple ID) App Store & iTunes Code на 1250 INR | India | Оригинальный код,4.6,208900360,https://market.yandex.ru/product/1237936207
122,110.16,1.1500,100.0,1.04,115.0,162.0,alfaBank,App Store & iTunes 100 INR (Other; PC; Регион активации Индия),N/A,54181517,https://market.yandex.ru/product/5555131795
123,110.16,1.1500,200.0,2.09,230.0,374.0,alfaBank,Карта/код пополнения | App Store | iTunes | Gift Card | 200 INR (Рупия) | Индия,5.0,94154873,https://market.yandex.ru/product/6128289612
124,110.55,1.1540,1000.0,10.44,1154.0,1580.0,withDiscount,"Apple Gift Card Индия · INR 1000 — карта оплаты, цифровой код пополнения счёта, моментальная доставка",5.0,112243599,https://market.yandex.ru/product/6025296025
125,110.93,1.1580,1000.0,10.44,1158.0,1999.0,alfaBank,Подарочная карта Apple iTunes 1000 INR индийских рупий Индия / App Store & iTunesIndia / Карта пополнения Apple ID,4.9,216516237,https://market.yandex.ru/product/5777264402
126,111.41,1.1630,6000.0,62.63,6978.0,8799.0,alfaBank,Подарочная карта/карта оплаты Apple (Apple ID) App Store & iTunes Code на 6000 INR | India | Оригинальный код,4.6,208900360,https://market.yandex.ru/product/1237936207
127,111.43,1.1632,4000.0,41.76,4653.0,5999.0,alfaBank,Подарочная карта/карта оплаты Apple (Apple ID) App Store & iTunes Code на 4000 INR | India | Оригинальный код,4.6,208900360,https://market.yandex.ru/product/1237936207
128,111.63,1.1653,1500.0,15.66,1748.0,2417.0,alfaBank,"Подарочная карта App Store & iTunes 1500 INR (рупии) регион Индия, пополнение баланса, цифровой код активации",4.6,216679128,https://market.yandex.ru/product/5652834599
129,111.73,1.1663,3000.0,31.32,3499.0,3680.0,alfaBank,Подарочная карта Apple 3000 INR / Пополнение App Store & iTunes на 3000 рупий / цифровой код / мгновенная выдача,5.0,204056393,https://market.yandex.ru/product/5824544463
130,111.76,1.1667,150.0,1.57,175.0,199.0,withDiscount,"Apple Gift Card Индия · INR 150 — карта оплаты, цифровой код пополнения счёта, моментальная доставка",5.0,112243599,https://market.yandex.ru/product/6025296025
131,111.77,1.1668,5000.0,52.20,5834.0,6967.0,alfaBank,Apple Индия 5000 INR пополнение баланса / App Store & iTunes India 5000 INR цифровой код / Apple ID Gift Card,5.0,216787513,https://market.yandex.ru/product/5782608507
132,111.86,1.1677,3000.0,31.32,3503.0,4180.0,alfaBank,Apple Индия 3000 INR пополнение баланса / App Store & iTunes India 3000 INR цифровой код / Apple ID Gift Card,5.0,216787513,https://market.yandex.ru/product/5782608507
133,111.89,1.1680,2000.0,20.88,2336.0,2786.0,alfaBank,Apple Индия 2000 INR пополнение баланса / App Store & iTunes India 2000 INR цифровой код / Apple ID Gift Card,5.0,216787513,https://market.yandex.ru/product/5782608507
134,111.89,1.1680,2500.0,26.10,2920.0,3483.0,alfaBank,Apple Индия 2500 INR пополнение баланса / App Store & iTunes India 2500 INR цифровой код / Apple ID Gift Card,5.0,216787513,https://market.yandex.ru/product/5782608507
135,112.21,1.1713,1500.0,15.66,1757.0,2289.0,alfaBank,"Apple Подарочная карта на 1500 INR (Индия/IN, цифровой код)",4.9,216734987,https://market.yandex.ru/product/5703215743
136,112.27,1.1720,500.0,5.22,586.0,899.0,alfaBank,Подарочная карта/карта оплаты Apple (Apple ID) App Store & iTunes Code на 500 INR | India | Оригинальный код,4.6,208900360,https://market.yandex.ru/product/1237936207
137,112.41,1.1735,2000.0,20.88,2347.0,2771.0,withDiscount,"Apple Gift Card Индия · INR 2000 — карта оплаты, цифровой код пополнения счёта, моментальная доставка",5.0,112243599,https://market.yandex.ru/product/6025296025
138,112.65,1.1760,1500.0,15.66,1764.0,1935.0,alfaBank,"Подарочная карта Apple App Store на 1500 INR (рупия Индия), подарочная карта Эпл, Apple Gift Card iTunes",N/A,43342480,https://market.yandex.ru/product/6138481910
139,112.84,1.1780,500.0,5.22,589.0,778.0,alfaBank,App Store & iTunes 500 INR [OTHER / IN],N/A,216840946,https://market.yandex.ru/product/5819716419
140,113.04,1.1800,100.0,1.04,118.0,155.0,withDiscount,Подарочная карта App Store & iTunes 100 INR (Индия) | Код для пополнения Apple ID | Оригинальный цифровой ключ,5.0,216933862,https://market.yandex.ru/product/5839492020
141,113.42,1.1840,500.0,5.22,592.0,720.0,withDiscount,"Apple Gift Card Индия · INR 500 — карта оплаты, цифровой код пополнения счёта, моментальная доставка",5.0,112243599,https://market.yandex.ru/product/6025296025
142,113.80,1.1880,500.0,5.22,594.0,813.0,alfaBank,"Подарочная карта Apple iTunes 500 INR Индия / Пополнение счета, цифровой код",4.8,73933863,https://market.yandex.ru/product/6068550353
143,113.80,1.1880,1500.0,15.66,1782.0,2776.0,alfaBank,"Подарочная карта Apple Индия 1500 рупий (INR) | пополнение Apple ID, Itunes, Appstore | Цифровой код",5.0,216970832,https://market.yandex.ru/product/5742967389
144,113.87,1.1887,1500.0,15.66,1783.0,2748.0,alfaBank,Подарочная карта App Store & iTunes Code (Apple ID) на 1500 Индийских рупий | Индия | Оригинальный код,4.6,212664758,https://market.yandex.ru/product/6129668442
145,113.90,1.1890,1000.0,10.44,1189.0,1699.0,alfaBank,Подарочная карта/карта оплаты Apple (Apple ID) App Store & iTunes Code на 1000 INR | India | Оригинальный код,4.6,208900360,https://market.yandex.ru/product/1237936207
146,114.47,1.1950,200.0,2.09,239.0,600.0,alfaBank,Подарочная карта Apple на 200 INR Индия | Пополнение Apple ID Индия | Карта пополнения iCloud | iTunes Gift Card,4.8,115719305,https://market.yandex.ru/product/5520071955
147,114.47,1.1950,5000.0,52.20,5975.0,7182.0,withDiscount,"Подарочная карта Apple iTunes 5000 INR (Индия) /App Store & iTunes Gift Card INR/ Рупий (India), Цифровой ключ",5.0,216703007,https://market.yandex.ru/product/5403398089
148,114.54,1.1957,3000.0,31.32,3587.0,4310.0,withDiscount,"Подарочная карта Apple iTunes 3000 INR (Индия) /App Store & iTunes Gift Card INR/ Рупий (India), Цифровой ключ",5.0,216703007,https://market.yandex.ru/product/5403398089
149,114.57,1.1960,2500.0,26.10,2990.0,3590.0,withDiscount,"Подарочная карта Apple iTunes 2500 INR (Индия) /App Store & iTunes Gift Card INR/ Рупий (India), Цифровой ключ",5.0,216703007,https://market.yandex.ru/product/5403398089
150,114.63,1.1967,1500.0,15.66,1795.0,2154.0,withDiscount,"Подарочная карта Apple iTunes 1500 INR (Индия) /App Store & iTunes Gift Card INR/ Рупий (India), Цифровой ключ",5.0,216703007,https://market.yandex.ru/product/5403398089
151,115.09,1.2014,5000.0,52.20,6007.0,7605.0,alfaBank,"Apple Подарочная карта на 5000 INR (Индия/IN, цифровой код)",4.9,216734987,https://market.yandex.ru/product/5703215743
152,115.18,1.2023,3000.0,31.32,3607.0,4563.0,alfaBank,"Apple Подарочная карта на 3000 INR (Индия/IN, цифровой код)",4.9,216734987,https://market.yandex.ru/product/5703215743
153,115.24,1.2030,2000.0,20.88,2406.0,3042.0,alfaBank,"Apple Подарочная карта на 2000 INR (Индия/IN, цифровой код)",4.9,216734987,https://market.yandex.ru/product/5703215743
154,115.41,1.2048,2500.0,26.10,3012.0,3810.0,alfaBank,"Apple Подарочная карта на 2500 INR (Индия/IN, цифровой код)",4.9,216734987,https://market.yandex.ru/product/5703215743
155,115.43,1.2050,200.0,2.09,241.0,1999.0,alfaBank,"Подарочная карта Apple iTunes 200 INR (Индия) /App Store & iTunes Gift Card INR/ Рупий (India), Цифровой ключ",4.8,206471363,https://market.yandex.ru/product/6129668442
156,115.57,1.2064,4500.0,46.98,5429.0,6999.0,alfaBank,Подарочная карта/карта оплаты Apple (Apple ID) App Store & iTunes Code на 4500 INR | India | Оригинальный код,4.6,208900360,https://market.yandex.ru/product/1237936207
157,115.67,1.2075,2000.0,20.88,2415.0,2999.0,alfaBank,Подарочная карта/карта оплаты Apple (Apple ID) App Store & iTunes Code на 2000 INR | India | Оригинальный код,4.6,208900360,https://market.yandex.ru/product/1237936207
158,115.72,1.2080,250.0,2.61,302.0,436.0,alfaBank,"Подарочная карта Apple iTunes 250 INR Индия / Пополнение счета, цифровой код",5.0,73933863,https://market.yandex.ru/product/6067002928
159,115.72,1.2080,250.0,2.61,302.0,2499.0,alfaBank,"Подарочная карта Apple iTunes 250 INR (Индия) /App Store & iTunes Gift Card INR/ Рупий (India), Цифровой ключ",4.8,206471363,https://market.yandex.ru/product/6129668442
160,115.77,1.2085,2000.0,20.88,2417.0,2872.0,yaBank,"Подарочная карта Apple iTunes 2000 INR (Индия) /App Store & iTunes Gift Card INR/ Рупий (India), Цифровой ключ",5.0,216703007,https://market.yandex.ru/product/6129668442
161,115.81,1.2090,1000.0,10.44,1209.0,1689.0,alfaBank,"Подарочная карта App Store & iTunes Индия 1000 INR, цифровой код",N/A,216703607,https://market.yandex.ru/product/5933896943
162,116.31,1.2142,5000.0,52.20,6071.0,8058.0,alfaBank,"Подарочная карта App Store & iTunes 5000 INR (рупии) регион Индия, пополнение баланса, цифровой код активации",4.6,216679128,https://market.yandex.ru/product/5652834599
163,116.33,1.2143,3000.0,31.32,3643.0,4835.0,alfaBank,"Подарочная карта App Store & iTunes 3000 INR (рупии) регион Индия, пополнение баланса, цифровой код активации",4.6,216679128,https://market.yandex.ru/product/5652834599
164,116.33,1.2144,2500.0,26.10,3036.0,4029.0,alfaBank,"Подарочная карта App Store & iTunes 2500 INR (рупии) регион Индия, пополнение баланса, цифровой код активации",4.6,216679128,https://market.yandex.ru/product/5652834599
165,116.39,1.2150,200.0,2.09,243.0,288.0,withDiscount,"Подарочная карта Apple iTunes 200 INR (Индия) /App Store & iTunes Gift Card INR/ Рупий (India), Цифровой ключ",5.0,216703007,https://market.yandex.ru/product/5403398089
166,116.49,1.2160,500.0,5.22,608.0,718.0,yaBank,"Подарочная карта Apple iTunes 500 INR (Индия) /App Store & iTunes Gift Card INR/ Рупий (India), Цифровой ключ",5.0,216703007,https://market.yandex.ru/product/6129668442
167,116.75,1.2188,5000.0,52.20,6094.0,9225.0,alfaBank,"Подарочная карта Apple Индия 5000 рупий (INR) | пополнение Apple ID, Itunes, Appstore | Цифровой код",5.0,216970832,https://market.yandex.ru/product/5742967389
168,116.80,1.2193,3000.0,31.32,3658.0,5535.0,alfaBank,"Подарочная карта Apple Индия 3000 рупий (INR) | пополнение Apple ID, Itunes, Appstore | Цифровой код",5.0,216970832,https://market.yandex.ru/product/5742967389
169,116.82,1.2195,2000.0,20.88,2439.0,3690.0,alfaBank,"Подарочная карта Apple Индия 2000 рупий (INR) | пополнение Apple ID, Itunes, Appstore | Цифровой код",5.0,216970832,https://market.yandex.ru/product/5742967389
170,116.87,1.2200,100.0,1.04,122.0,144.0,withDiscount,"Подарочная карта Apple iTunes 100 INR (Индия) /App Store & iTunes Gift Card INR/ Рупий (India), Цифровой ключ",5.0,216703007,https://market.yandex.ru/product/5403398089
171,116.91,1.2204,5000.0,52.20,6102.0,9132.0,alfaBank,Подарочная карта App Store & iTunes Code (Apple ID) на 5000 Индийских рупий | Индия | Оригинальный код,4.6,216537973,https://market.yandex.ru/product/1160990588
172,116.91,1.2204,5000.0,52.20,6102.0,9132.0,alfaBank,Подарочная карта App Store & iTunes Code (Apple ID) на 5000 Индийских рупий | Индия | Оригинальный код,4.6,212664758,https://market.yandex.ru/product/1160990588
173,117.00,1.2213,3000.0,31.32,3664.0,5479.0,alfaBank,Подарочная карта App Store & iTunes Code (Apple ID) на 3000 Индийских рупий | Индия | Оригинальный код,4.6,216537973,https://market.yandex.ru/product/6129668442
174,117.04,1.2218,5000.0,52.20,6109.0,10183.0,withDiscount,Подарочная карта Apple 5000 Рупий / Пополнение App Store&iTunes (Apple ID) / Индия,4.6,59798159,https://market.yandex.ru/product/5645170505
175,117.10,1.2224,2500.0,26.10,3056.0,4621.0,alfaBank,"Подарочная карта Apple Индия 2500 рупий (INR) | пополнение Apple ID, Itunes, Appstore | Цифровой код",5.0,216970832,https://market.yandex.ru/product/5742967389
176,117.11,1.2225,2000.0,20.88,2445.0,3653.0,alfaBank,Подарочная карта App Store & iTunes Code (Apple ID) на 2000 Индийских рупий | Индия | Оригинальный код,4.6,216537973,https://market.yandex.ru/product/6129668442
177,117.11,1.2225,2000.0,20.88,2445.0,3653.0,alfaBank,Подарочная карта App Store & iTunes Code (Apple ID) на 2000 Индийских рупий | Индия | Оригинальный код,4.6,212664758,https://market.yandex.ru/product/6129668442
178,117.12,1.2227,3000.0,31.32,3668.0,3859.0,alfaBank,"Подарочная карта Apple App Store на 3000 INR (рупия Индия), подарочная карта Эпл, Apple Gift Card iTunes",N/A,43342480,https://market.yandex.ru/product/6138481910
179,117.12,1.2227,3000.0,31.32,3668.0,6110.0,withDiscount,Подарочная карта Apple 3000 Рупий / Пополнение App Store&iTunes (Apple ID) / Индия,4.6,59798159,https://market.yandex.ru/product/5645170505
180,117.16,1.2230,2000.0,20.88,2446.0,4500.0,alfaBank,"Подарочная карта Apple App Store на 2000 INR (рупия Индия), подарочная карта Эпл, Apple Gift Card iTunes",N/A,43342480,https://market.yandex.ru/product/6138481910
181,117.16,1.2230,2000.0,20.88,2446.0,4073.0,withDiscount,Подарочная карта Apple 2000 Рупий / Пополнение App Store&iTunes (Apple ID) / Индия,4.6,59798159,https://market.yandex.ru/product/5645170505
182,117.19,1.2234,5000.0,52.20,6117.0,6435.0,alfaBank,"Подарочная карта Apple App Store на 5000 INR (рупия Индия), подарочная карта Эпл, Apple Gift Card iTunes",N/A,43342480,https://market.yandex.ru/product/6138481910
183,117.29,1.2244,2500.0,26.10,3061.0,4575.0,alfaBank,Подарочная карта App Store & iTunes Code (Apple ID) на 2500 Индийских рупий | Индия | Оригинальный код,4.6,216537973,https://market.yandex.ru/product/1160990588
184,117.33,1.2248,2500.0,26.10,3062.0,5101.0,withDiscount,Подарочная карта Apple 2500 Рупий / Пополнение App Store&iTunes (Apple ID) / Индия,4.6,59798159,https://market.yandex.ru/product/5645170505
185,117.35,1.2250,1000.0,10.44,1225.0,2037.0,withDiscount,Подарочная карта Apple 1000 Рупий / Пополнение App Store&iTunes (Apple ID) / Индия,4.6,59798159,https://market.yandex.ru/product/5645170505
186,117.37,1.2252,2500.0,26.10,3063.0,3222.0,alfaBank,"Подарочная карта Apple App Store на 2500 INR (рупия Индия), подарочная карта Эпл, Apple Gift Card iTunes",N/A,43342480,https://market.yandex.ru/product/6138481910
187,117.44,1.2260,500.0,5.22,613.0,949.0,alfaBank,"Подарочная карта App Store на 500 INR Индия | Apple Gift Card, быстрая выдача",4.6,216837355,https://market.yandex.ru/product/6009592741
188,117.44,1.2260,1500.0,15.66,1839.0,1996.0,alfaBank,"Карта пополнения App Store & iTunes India — 1500 INR, цифровой код",N/A,216809048,https://market.yandex.ru/product/5739572706
189,117.51,1.2267,600.0,6.26,736.0,1099.0,alfaBank,Подарочная карта/карта оплаты Apple (Apple ID) App Store & iTunes Code на 600 INR | India | Оригинальный код,4.6,208900360,https://market.yandex.ru/product/1237936207
190,117.51,1.2267,1500.0,15.66,1840.0,2499.0,alfaBank,Подарочная карта/карта оплаты Apple (Apple ID) App Store & iTunes Code на 1500 INR | India | Оригинальный код,4.6,208900360,https://market.yandex.ru/product/1237936207
191,117.63,1.2280,1500.0,15.66,1842.0,3065.0,withDiscount,Подарочная карта Apple 1500 Рупий / Пополнение App Store&iTunes (Apple ID) / Индия,4.6,59798159,https://market.yandex.ru/product/5645170505
192,118.21,1.2340,500.0,5.22,617.0,848.0,alfaBank,"Подарочная карта Apple Gift Card / App Store 500 INR, регион India, цифровой код, автовыдача",N/A,216325800,https://market.yandex.ru/product/5803414918
193,118.31,1.2350,200.0,2.09,247.0,409.0,alfaBank,Подарочная карта/карта оплаты Apple (Apple ID) App Store & iTunes Code на 200 INR | India | Оригинальный код,4.6,208900360,https://market.yandex.ru/product/1237936207
194,118.78,1.2400,250.0,2.61,310.0,509.0,withDiscount,Подарочная карта Apple 250 Рупий / Пополнение App Store&iTunes (Apple ID) / Индия,4.6,59798159,https://market.yandex.ru/product/6129668442
195,118.94,1.2416,7500.0,78.29,9312.0,15527.0,withDiscount,Подарочная карта Apple 7500 Рупий / Пополнение App Store&iTunes (Apple ID) / Индия,4.6,59798159,https://market.yandex.ru/product/5645170505
196,118.98,1.2420,500.0,5.22,621.0,1028.0,withDiscount,Подарочная карта Apple 500 Рупий / Пополнение App Store&iTunes (Apple ID) / Индия,4.6,59798159,https://market.yandex.ru/product/5645170505
197,119.00,1.2423,4000.0,41.76,4969.0,12000.0,alfaBank,Подарочная карта Apple на 4000 INR Индия | Пополнение Apple ID Индия | Карта пополнения iCloud | iTunes Gift Card,4.8,115719305,https://market.yandex.ru/product/5520071955
198,119.07,1.2429,7500.0,78.29,9322.0,12639.0,withDiscount,"Apple Gift Card Индия · INR 7500 — карта оплаты, цифровой код пополнения счёта, моментальная доставка",5.0,112243599,https://market.yandex.ru/product/6025296025
199,120.00,1.2527,7500.0,78.29,9395.0,13231.0,alfaBank,Подарочная карта Apple Индия 7500 INR для пополнение счёта в App Store и iTunes,4.9,216700142,https://market.yandex.ru/product/5697759457
200,120.51,1.2580,5000.0,52.20,6290.0,7999.0,alfaBank,Подарочная карта/карта оплаты Apple (Apple ID) App Store & iTunes Code на 5000 INR | India | Оригинальный код,4.6,208900360,https://market.yandex.ru/product/1237936207
201,120.57,1.2587,1500.0,15.66,1888.0,2100.0,alfaBank,"Подарочная карта Apple, пополнение счета App Store, iTunes, 1 500 INR, Индия",4.6,83799497,https://market.yandex.ru/product/5144655495
202,120.65,1.2595,2000.0,20.88,2519.0,2650.0,alfaBank,"Подарочная карта Apple iTunes 2000 INR Индия, пополнение счета iTunes Gift Card India",4.8,101752891,https://market.yandex.ru/product/6129668442
203,120.70,1.2600,100.0,1.04,126.0,161.0,withDiscount,"Apple Gift Card Индия · INR 100 — карта оплаты, цифровой код пополнения счёта, моментальная доставка",5.0,112243599,https://market.yandex.ru/product/6025296025
204,120.70,1.2600,200.0,2.09,252.0,411.0,withDiscount,Подарочная карта Apple 200 Рупий / Пополнение App Store&iTunes (Apple ID) / Индия,4.6,59798159,https://market.yandex.ru/product/5645170505
205,120.72,1.2602,5000.0,52.20,6301.0,6629.0,alfaBank,"Карта пополнения App Store & iTunes India — 5000 INR, цифровой код",N/A,216809048,https://market.yandex.ru/product/5739572706
206,120.75,1.2605,2000.0,20.88,2521.0,2652.0,alfaBank,"Карта пополнения App Store & iTunes India — 2000 INR, цифровой код",N/A,216809048,https://market.yandex.ru/product/5739572706
207,120.76,1.2607,3000.0,31.32,3782.0,3978.0,alfaBank,"Карта пополнения App Store & iTunes India — 3000 INR, цифровой код",N/A,216809048,https://market.yandex.ru/product/5739572706
208,121.01,1.2632,2500.0,26.10,3158.0,3322.0,alfaBank,"Карта пополнения App Store & iTunes India — 2500 INR, цифровой код",N/A,216809048,https://market.yandex.ru/product/5739572706
209,121.08,1.2640,250.0,2.61,316.0,700.0,alfaBank,Подарочная карта Apple на 250 INR Индия | Пополнение Apple ID Индия | Карта пополнения iCloud | iTunes Gift Card,4.8,115719305,https://market.yandex.ru/product/5520071955
210,121.16,1.2648,5000.0,52.20,6324.0,8756.0,withDiscount,"Apple Gift Card Индия · INR 5000 — карта оплаты, цифровой код пополнения счёта, моментальная доставка",5.0,112243599,https://market.yandex.ru/product/6025296025
211,121.37,1.2670,1000.0,10.44,1267.0,2270.0,alfaBank,Apple Gift Card 1000 INR Индия пополнение кошелька автовыдача / Apple Gift Card India 1000 INR код активации,N/A,216954397,https://market.yandex.ru/product/6074579107
212,121.85,1.2720,1000.0,10.44,1272.0,2149.0,alfaBank,Подарочная карта оплаты App Store на 1000 INR рупий | моментально | оригинальный код iTunes Gift Card India,5.0,212264089,https://market.yandex.ru/product/1319254929
213,122.10,1.2747,3000.0,31.32,3824.0,5008.0,withDiscount,Подарочная карта App Store & iTunes 3000 INR (Индия) | Код для пополнения Apple ID | Оригинальный цифровой клю,5.0,216933862,https://market.yandex.ru/product/5839492020
214,122.18,1.2755,2000.0,20.88,2551.0,2780.0,alfaBank,"Подарочная карта Apple iTunes 2000 INR Индия / Пополнение счета, цифровой код",4.8,73933863,https://market.yandex.ru/product/6068550353
215,122.62,1.2800,250.0,2.61,320.0,441.0,withDiscount,"Apple Gift Card Индия · INR 250 — карта оплаты, цифровой код пополнения счёта, моментальная доставка",5.0,112243599,https://market.yandex.ru/product/6025296025
216,122.62,1.2800,1500.0,15.66,1920.0,2512.0,withDiscount,Подарочная карта App Store & iTunes 1500 INR (Индия) | Код для пополнения Apple ID | Оригинальный цифровой клю,5.0,216933862,https://market.yandex.ru/product/5839492020
217,122.74,1.2813,1500.0,15.66,1922.0,2999.0,alfaBank,Подарочная карта Apple iTunes 1500 INR индийских рупий Индия / App Store & iTunesIndia / Карта пополнения Apple ID,4.9,216516237,https://market.yandex.ru/product/5777264402
218,122.81,1.2820,7500.0,78.29,9615.0,10114.0,alfaBank,"Карта пополнения App Store & iTunes India — 7500 INR, цифровой код",N/A,216809048,https://market.yandex.ru/product/5739572706
219,123.00,1.2840,750.0,7.83,963.0,1399.0,alfaBank,Подарочная карта/карта оплаты Apple (Apple ID) App Store & iTunes Code на 750 INR | India | Оригинальный код,4.6,208900360,https://market.yandex.ru/product/1237936207
220,123.00,1.2840,2500.0,26.10,3210.0,3500.0,alfaBank,"Подарочная карта Apple, пополнение счета App Store, iTunes, 2 500 INR, Индия",4.6,83799497,https://market.yandex.ru/product/5144655495
221,123.02,1.2842,4000.0,41.76,5137.0,5600.0,alfaBank,"Подарочная карта Apple, пополнение счета App Store, iTunes, 4 000 INR, Индия",4.6,83799497,https://market.yandex.ru/product/5144655495
222,123.08,1.2849,3500.0,36.54,4497.0,4731.0,alfaBank,"Подарочная карта Apple App Store на 3500 INR (рупия Индия), подарочная карта Эпл, Apple Gift Card iTunes",N/A,43342480,https://market.yandex.ru/product/6138481910
223,123.13,1.2853,4500.0,46.98,5784.0,6085.0,alfaBank,"Подарочная карта Apple App Store на 4500 INR (рупия Индия), подарочная карта Эпл, Apple Gift Card iTunes",N/A,43342480,https://market.yandex.ru/product/6138481910
224,123.36,1.2877,4000.0,41.76,5151.0,6460.0,withDiscount,"Apple Gift Card Индия · INR 4000 — карта оплаты, цифровой код пополнения счёта, моментальная доставка",5.0,112243599,https://market.yandex.ru/product/6025296025
225,123.38,1.2880,500.0,5.22,644.0,843.0,withDiscount,Подарочная карта App Store & iTunes 500 INR (Индия) | Код для пополнения Apple ID | Оригинальный цифровой ключ,5.0,216933862,https://market.yandex.ru/product/5839492020
226,123.48,1.2890,1000.0,10.44,1289.0,4000.0,alfaBank,"Подарочная карта Apple 1000 INR / Карта пополнения AppStore&iTunes / Индия, рупии",4.9,53542432,https://market.yandex.ru/product/5987101572
227,123.57,1.2900,3000.0,31.32,3870.0,4405.0,withDiscount,"Apple Gift Card Индия · INR 3000 — карта оплаты, цифровой код пополнения счёта, моментальная доставка",5.0,112243599,https://market.yandex.ru/product/6025296025
228,123.84,1.2928,5000.0,52.20,6464.0,6800.0,alfaBank,"Подарочная карта Apple iTunes 5000 INR Индия, пополнение счета iTunes Gift Card India",4.8,101752891,https://market.yandex.ru/product/895034808
229,124.15,1.2960,2500.0,26.10,3240.0,4043.0,withDiscount,"Apple Gift Card Индия · INR 2500 — карта оплаты, цифровой код пополнения счёта, моментальная доставка",5.0,112243599,https://market.yandex.ru/product/6025296025
230,124.40,1.2986,5000.0,52.20,6493.0,10247.0,alfaBank,Подарочная карта Apple iTunes 5000 рупий (Индия) | App Store & iTunes Gift Card 5000 INR - Автовыдача 24/7,4.9,216781897,https://market.yandex.ru/product/5592716561
231,124.40,1.2986,5000.0,52.20,6493.0,10247.0,alfaBank,Подарочная карта Apple iTunes 5000 рупий (Индия) | App Store & iTunes Gift Card 5000 INR - Автовыдача 24/7,5.0,216665167,https://market.yandex.ru/product/5553846708
232,124.40,1.2987,3000.0,31.32,3896.0,6149.0,alfaBank,Подарочная карта Apple iTunes 3000 рупий (Индия) | App Store & iTunes Gift Card 3000 INR - Автовыдача 24/7,4.9,216781897,https://market.yandex.ru/product/5592716561
233,124.40,1.2987,3000.0,31.32,3896.0,6149.0,alfaBank,Подарочная карта Apple iTunes 3000 рупий (Индия) | App Store & iTunes Gift Card 3000 INR - Автовыдача 24/7,5.0,216665167,https://market.yandex.ru/product/5553846708
234,124.53,1.3000,100.0,1.04,130.0,300.0,alfaBank,Подарочная карта Apple на 100 INR Индия | Пополнение Apple ID Индия | Карта пополнения iCloud | iTunes Gift Card,4.8,115719305,https://market.yandex.ru/product/5520071955
235,124.53,1.3000,1500.0,15.66,1950.0,2573.0,withDiscount,"Apple Gift Card Индия · INR 1500 — карта оплаты, цифровой код пополнения счёта, моментальная доставка",5.0,112243599,https://market.yandex.ru/product/6025296025
236,124.65,1.3012,2500.0,26.10,3253.0,5133.0,alfaBank,Подарочная карта Apple iTunes 2500 рупий (Индия) | App Store & iTunes Gift Card 2500 INR - Автовыдача 24/7,4.9,216781897,https://market.yandex.ru/product/5592716561
237,124.65,1.3012,2500.0,26.10,3253.0,5133.0,alfaBank,Подарочная карта Apple iTunes 2500 рупий (Индия) | App Store & iTunes Gift Card 2500 INR - Автовыдача 24/7,5.0,216665167,https://market.yandex.ru/product/5553846708
238,124.69,1.3016,8000.0,83.51,10413.0,11708.0,alfaBank,Подарочная карта Apple iTunes 8000 INR индийских рупий Индия / App Store & iTunesIndia / Карта пополнения Apple ID,4.9,216516237,https://market.yandex.ru/product/5777264402
239,124.69,1.3017,6000.0,62.63,7810.0,8780.0,alfaBank,Подарочная карта Apple iTunes 6000 INR индийских рупий Индия / App Store & iTunesIndia / Карта пополнения Apple ID,4.9,216516237,https://market.yandex.ru/product/5777264402
240,124.69,1.3017,9000.0,93.95,11715.0,13172.0,alfaBank,Подарочная карта Apple iTunes 9000 INR индийских рупий Индия / App Store & iTunesIndia / Карта пополнения Apple ID,4.9,216516237,https://market.yandex.ru/product/5777264402
241,124.69,1.3017,10000.0,104.39,13017.0,16999.0,alfaBank,Подарочная карта Apple iTunes 10000 INR индийских рупий Индия / App Store & iTunesIndia / Карта пополнения Apple ID,4.9,216516237,https://market.yandex.ru/product/5777264402
242,124.71,1.3019,7000.0,73.07,9113.0,10245.0,alfaBank,Подарочная карта Apple iTunes 7000 INR индийских рупий Индия / App Store & iTunesIndia / Карта пополнения Apple ID,4.9,216516237,https://market.yandex.ru/product/5777264402
243,124.72,1.3020,4000.0,41.76,5208.0,6999.0,alfaBank,Подарочная карта Apple iTunes 4000 INR индийских рупий Индия / App Store & iTunesIndia / Карта пополнения Apple ID,4.9,216516237,https://market.yandex.ru/product/5777264402
244,124.72,1.3020,5000.0,52.20,6510.0,8999.0,alfaBank,Подарочная карта Apple iTunes 5000 INR индийских рупий Индия / App Store & iTunesIndia / Карта пополнения Apple ID,4.9,216516237,https://market.yandex.ru/product/5777264402
245,124.75,1.3023,9500.0,99.17,12372.0,13911.0,alfaBank,Подарочная карта Apple iTunes 9500 INR индийских рупий Индия / App Store & iTunesIndia / Карта пополнения Apple ID,4.9,216516237,https://market.yandex.ru/product/5777264402
246,124.76,1.3023,3000.0,31.32,3907.0,5999.0,alfaBank,Подарочная карта Apple iTunes 3000 INR индийских рупий Индия / App Store & iTunesIndia / Карта пополнения Apple ID,4.9,216516237,https://market.yandex.ru/product/5777264402
247,124.76,1.3024,8500.0,88.73,11070.0,12447.0,alfaBank,Подарочная карта Apple iTunes 8500 INR индийских рупий Индия / App Store & iTunesIndia / Карта пополнения Apple ID,4.9,216516237,https://market.yandex.ru/product/5777264402
248,124.79,1.3027,7500.0,78.29,9770.0,10984.0,alfaBank,Подарочная карта Apple iTunes 7500 INR индийских рупий Индия / App Store & iTunesIndia / Карта пополнения Apple ID,4.9,216516237,https://market.yandex.ru/product/5777264402
249,124.80,1.3028,6500.0,67.85,8468.0,9519.0,alfaBank,Подарочная карта Apple iTunes 6500 INR индийских рупий Индия / App Store & iTunesIndia / Карта пополнения Apple ID,4.9,216516237,https://market.yandex.ru/product/5777264402
250,124.82,1.3030,2000.0,20.88,2606.0,3999.0,alfaBank,Подарочная карта Apple iTunes 2000 INR индийских рупий Индия / App Store & iTunesIndia / Карта пополнения Apple ID,4.9,216516237,https://market.yandex.ru/product/5777264402
251,124.84,1.3032,2500.0,26.10,3258.0,4999.0,alfaBank,Подарочная карта Apple iTunes 2500 INR индийских рупий Индия / App Store & iTunesIndia / Карта пополнения Apple ID,4.9,216516237,https://market.yandex.ru/product/5777264402
252,124.87,1.3035,2000.0,20.88,2607.0,2887.0,alfaBank,"Подарочная карта Apple Gift Card / App Store 2000 INR, регион India, цифровой код, автовыдача",N/A,216325800,https://market.yandex.ru/product/5791963944
253,124.91,1.3040,3500.0,36.54,4564.0,5129.0,alfaBank,Подарочная карта Apple iTunes 3500 INR индийских рупий Индия / App Store & iTunesIndia / Карта пополнения Apple ID,4.9,216516237,https://market.yandex.ru/product/5777264402
254,125.01,1.3050,200.0,2.09,261.0,388.0,alfaBank,Подарочная карта App Store & iTunes Code (Apple ID) на 200 Индийских рупий | Индия | Оригинальный код,N/A,216921781,https://market.yandex.ru/product/6129816176
255,125.01,1.3050,200.0,2.09,261.0,341.0,withDiscount,Подарочная карта App Store & iTunes 200 INR (Индия) | Код для пополнения Apple ID | Оригинальный цифровой ключ,5.0,216933862,https://market.yandex.ru/product/5839492020
256,125.01,1.3050,3000.0,31.32,3915.0,8000.0,alfaBank,Подарочная карта Apple на 3000 INR Индия | Пополнение Apple ID Индия | Карта пополнения iCloud | iTunes Gift Card,4.8,115719305,https://market.yandex.ru/product/5520071955
257,125.30,1.3080,500.0,5.22,654.0,1500.0,alfaBank,Подарочная карта Apple на 500 INR Индия | Пополнение Apple ID Индия | Карта пополнения iCloud | iTunes Gift Card,4.8,115719305,https://market.yandex.ru/product/5520071955
258,125.49,1.3100,200.0,2.09,262.0,324.0,withDiscount,"Apple Gift Card Индия · INR 200 — карта оплаты, цифровой код пополнения счёта, моментальная доставка",5.0,112243599,https://market.yandex.ru/product/6025296025
259,125.61,1.3113,800.0,8.35,1049.0,1599.0,alfaBank,Подарочная карта/карта оплаты Apple (Apple ID) App Store & iTunes Code на 800 INR | India | Оригинальный код,4.6,208900360,https://market.yandex.ru/product/1237936207
260,125.82,1.3134,5000.0,52.20,6567.0,6908.0,alfaBank,Подарочная карта App Store на 5000 INR | Индия | Цифровой код,N/A,216897397,https://market.yandex.ru/product/6047292431
261,126.45,1.3200,100.0,1.04,132.0,187.0,alfaBank,"Карта пополнения App Store & iTunes India — 100 INR, цифровой код",N/A,216809048,https://market.yandex.ru/product/5739572706
262,126.45,1.3200,500.0,5.22,660.0,3999.0,alfaBank,"Подарочная карта Apple iTunes 500 INR (Индия) /App Store & iTunes Gift Card INR/ Рупий (India), Цифровой ключ",4.8,206471363,https://market.yandex.ru/product/6129668442
263,126.45,1.3200,2500.0,26.10,3300.0,7000.0,alfaBank,Подарочная карта Apple на 2500 INR Индия | Пополнение Apple ID Индия | Карта пополнения iCloud | iTunes Gift Card,4.8,115719305,https://market.yandex.ru/product/5520071955
264,126.93,1.3250,200.0,2.09,265.0,600.0,alfaBank,Apple Gift Card 200 INR Индия пополнение кошелька автовыдача / Apple Gift Card India 200 INR код активации,N/A,216751186,https://market.yandex.ru/product/5951439845
265,126.93,1.3250,1000.0,10.44,1325.0,2000.0,alfaBank,Подарочная карта Apple на 1000 INR Индия | Пополнение Apple ID Индия | Карта пополнения iCloud | iTunes Gift Card,4.8,115719305,https://market.yandex.ru/product/5520071955
266,127.02,1.3260,2000.0,20.88,2652.0,3449.0,alfaBank,Подарочная карта Apple Индия 2000 INR для пополнение счёта в App Store и iTunes,4.9,216700142,https://market.yandex.ru/product/5697759457
267,127.41,1.3300,100.0,1.04,133.0,300.0,alfaBank,Apple Gift Card 100 INR Индия пополнение кошелька автовыдача / Apple Gift Card India 100 INR код активации,N/A,216751186,https://market.yandex.ru/product/5951439845
268,127.41,1.3300,1000.0,10.44,1330.0,1596.0,alfaBank,"Подарочная карта Apple iTunes 1000 INR Индия / Пополнение счета, цифровой код",4.8,73933863,https://market.yandex.ru/product/6068550353
269,128.08,1.3370,1000.0,10.44,1337.0,1548.0,alfaBank,Подарочная карта App Store на 1000 INR | Индия | Цифровой код,N/A,216897397,https://market.yandex.ru/product/6047292431
270,128.17,1.3380,1000.0,10.44,1338.0,1549.0,alfaBank,App Store & iTunes 1000 INR [OTHER / IN],N/A,216840946,https://market.yandex.ru/product/5819716427
271,128.20,1.3383,3000.0,31.32,4015.0,4377.0,alfaBank,"Подарочная карта Apple iTunes 3000 INR Индия / Пополнение счета, цифровой код",4.8,73933863,https://market.yandex.ru/product/6068550353
272,128.36,1.3400,250.0,2.61,335.0,750.0,alfaBank,Apple Gift Card 250 INR Индия пополнение кошелька автовыдача / Apple Gift Card India 250 INR код активации,N/A,216751186,https://market.yandex.ru/product/5951439845
273,128.56,1.3420,2500.0,26.10,3355.0,3656.0,alfaBank,"Подарочная карта Apple iTunes 2500 INR Индия / Пополнение счета, цифровой код",4.8,73933863,https://market.yandex.ru/product/6068550353
274,128.82,1.3448,5000.0,52.20,6724.0,15000.0,alfaBank,Подарочная карта Apple на 5000 INR Индия | Пополнение Apple ID Индия | Карта пополнения iCloud | iTunes Gift Card,4.8,115719305,https://market.yandex.ru/product/5520071955
275,129.32,1.3500,3000.0,31.32,4050.0,4999.0,alfaBank,Подарочная карта/карта оплаты Apple (Apple ID) App Store & iTunes Code на 3000 INR | India | Оригинальный код,4.6,208900360,https://market.yandex.ru/product/1237936207
276,129.95,1.3566,5000.0,52.20,6783.0,9113.0,alfaBank,Подарочная карта Apple Индия 5000 INR для пополнение счёта в App Store и iTunes,4.9,216700142,https://market.yandex.ru/product/5697759457
277,130.32,1.3604,5000.0,52.20,6802.0,7415.0,alfaBank,"Подарочная карта Apple iTunes 5000 INR Индия / Пополнение счета, цифровой код",4.8,73933863,https://market.yandex.ru/product/6068550353
278,130.95,1.3670,1000.0,10.44,1367.0,1879.0,alfaBank,"Подарочная карта App Store на 1000 INR Индия | Apple Gift Card, быстрая выдача",4.6,216837355,https://market.yandex.ru/product/6009592741
279,131.24,1.3700,200.0,2.09,274.0,590.0,alfaBank,Apple Gift Card 200 INR Индия пополнение кошелька автовыдача / Apple Gift Card India 200 INR код активации,N/A,216773728,https://market.yandex.ru/product/5947119023
280,131.49,1.3727,1500.0,15.66,2059.0,4000.0,alfaBank,Подарочная карта Apple на 1500 INR Индия | Пополнение Apple ID Индия | Карта пополнения iCloud | iTunes Gift Card,4.8,115719305,https://market.yandex.ru/product/5520071955
281,131.78,1.3757,700.0,7.31,963.0,1429.0,alfaBank,Подарочная карта/карта оплаты Apple (Apple ID) App Store & iTunes Code на 700 INR | India | Оригинальный код,4.6,208900360,https://market.yandex.ru/product/1237936207
282,132.16,1.3796,2500.0,26.10,3449.0,4299.0,alfaBank,Подарочная карта/карта оплаты Apple (Apple ID) App Store & iTunes Code на 2500 INR | India | Оригинальный код,4.6,208900360,https://market.yandex.ru/product/1237936207
283,132.20,1.3800,400.0,4.18,552.0,849.0,alfaBank,Подарочная карта/карта оплаты Apple (Apple ID) App Store & iTunes Code на 400 INR | India | Оригинальный код,4.6,208900360,https://market.yandex.ru/product/1237936207
284,132.58,1.3840,250.0,2.61,346.0,730.0,alfaBank,Apple Gift Card 250 INR Индия пополнение кошелька автовыдача / Apple Gift Card India 250 INR код активации,N/A,216773728,https://market.yandex.ru/product/5947119023
285,133.15,1.3900,300.0,3.13,417.0,565.0,withDiscount,"Apple Gift Card Индия · INR 300 — карта оплаты, цифровой код пополнения счёта, моментальная доставка",5.0,112243599,https://market.yandex.ru/product/6025296025
286,134.40,1.4030,3000.0,31.32,4209.0,6760.0,alfaBank,Apple Gift Card 3000 INR Индия пополнение кошелька автовыдача / Apple Gift Card India 3000 INR код активации,N/A,216954397,https://market.yandex.ru/product/6074579107
287,134.42,1.4032,5000.0,52.20,7016.0,11280.0,alfaBank,Apple Gift Card 5000 INR Индия пополнение кошелька автовыдача / Apple Gift Card India 5000 INR код активации,N/A,216954397,https://market.yandex.ru/product/6074579107
288,134.64,1.4055,2000.0,20.88,2811.0,4520.0,alfaBank,Apple Gift Card 2000 INR Индия пополнение кошелька автовыдача / Apple Gift Card India 2000 INR код активации,N/A,216954397,https://market.yandex.ru/product/6074579107
289,134.99,1.4092,2500.0,26.10,3523.0,5660.0,alfaBank,Apple Gift Card 2500 INR Индия пополнение кошелька автовыдача / Apple Gift Card India 2500 INR код активации,N/A,216954397,https://market.yandex.ru/product/6074579107
290,135.07,1.4100,100.0,1.04,141.0,300.0,alfaBank,Apple Gift Card 100 INR Индия пополнение кошелька автовыдача / Apple Gift Card India 100 INR код активации,N/A,216773728,https://market.yandex.ru/product/5947119023
291,135.07,1.4100,1500.0,15.66,2115.0,3400.0,alfaBank,Apple Gift Card 1500 INR Индия пополнение кошелька автовыдача / Apple Gift Card India 1500 INR код активации,N/A,216954397,https://market.yandex.ru/product/6074579107
292,135.26,1.4120,1000.0,10.44,1412.0,1858.0,alfaBank,Карта/код пополнения | App Store | iTunes | Gift Card | 1000 INR (Рупия) | Индия,5.0,94154873,https://market.yandex.ru/product/6128289612
293,135.32,1.4127,7500.0,78.29,10595.0,12999.0,alfaBank,Подарочная карта/карта оплаты Apple (Apple ID) App Store & iTunes Code на 7500 INR | India | Оригинальный код,4.6,208900360,https://market.yandex.ru/product/1237936207
294,135.98,1.4195,4000.0,41.76,5678.0,5973.0,alfaBank,"Карта пополнения App Store & iTunes India — 4000 INR, цифровой код",N/A,216809048,https://market.yandex.ru/product/5739572706
295,135.99,1.4196,2500.0,26.10,3549.0,5382.0,alfaBank,Подарочная карта оплаты App Store на 2500 INR рупий | моментально | оригинальный код iTunes Gift Card India,5.0,212264089,https://market.yandex.ru/product/6129668442
296,136.04,1.4201,10000.0,104.39,14201.0,16278.0,withDiscount,"Apple Gift Card Индия · INR 10000 — карта оплаты, цифровой код пополнения счёта, моментальная доставка",5.0,112243599,https://market.yandex.ru/product/6025296025
297,136.31,1.4230,4000.0,41.76,5692.0,9488.0,withDiscount,Подарочная карта Apple 4000 Рупий / Пополнение App Store&iTunes (Apple ID) / Индия,4.6,59798159,https://market.yandex.ru/product/5645170505
298,136.31,1.4230,10000.0,104.39,14230.0,19737.0,alfaBank,Подарочная карта Apple Индия 10000 INR для пополнение счёта в App Store и iTunes,4.9,216700142,https://market.yandex.ru/product/5697759457
299,137.92,1.4398,4000.0,41.76,5759.0,8976.0,alfaBank,Подарочная карта Apple Индия 4000 INR для пополнение счёта в App Store и iTunes,4.9,216700142,https://market.yandex.ru/product/5697759457
300,138.33,1.4440,250.0,2.61,361.0,523.0,alfaBank,"Подарочная карта Apple Gift Card / App Store 250 INR, регион India, цифровой код, автовыдача",N/A,216325800,https://market.yandex.ru/product/5816641921
301,138.90,1.4500,100.0,1.04,145.0,216.0,alfaBank,"Подарочная карта Apple 100 INR / Карта пополнения AppStore&iTunes / Индия, рупии",N/A,216921781,https://market.yandex.ru/product/6130029826
302,139.60,1.4573,3000.0,31.32,4372.0,6417.0,alfaBank,Подарочная карта Apple Индия 3000 INR для пополнение счёта в App Store и iTunes,4.9,216700142,https://market.yandex.ru/product/5697759457
303,139.86,1.4600,100.0,1.04,146.0,247.0,alfaBank,Пополнение счёта Apple App Store & iTunes 100 INR Подарочная карта (Цифровой код) индия,5.0,216453170,https://market.yandex.ru/product/5738727775
304,139.86,1.4600,500.0,5.22,730.0,1500.0,alfaBank,Apple Gift Card 500 INR Индия пополнение кошелька автовыдача / Apple Gift Card India 500 INR код активации,N/A,216751186,https://market.yandex.ru/product/5951439845
305,140.30,1.4646,10000.0,104.39,14646.0,15407.0,alfaBank,"Карта пополнения App Store & iTunes India — 10000 INR, цифровой код",N/A,216809048,https://market.yandex.ru/product/5739572706
306,140.55,1.4672,10000.0,104.39,14672.0,15434.0,alfaBank,App Store & iTunes 10000 INR [OTHER / IN],N/A,216840946,https://market.yandex.ru/product/5819725676
307,140.56,1.4673,7500.0,78.29,11005.0,11577.0,alfaBank,App Store & iTunes 7500 INR [OTHER / IN],N/A,216840946,https://market.yandex.ru/product/5819725663
308,140.59,1.4676,5000.0,52.20,7338.0,7720.0,alfaBank,App Store & iTunes 5000 INR [OTHER / IN],N/A,216840946,https://market.yandex.ru/product/5819716426
309,140.63,1.4680,4000.0,41.76,5872.0,6177.0,alfaBank,App Store & iTunes 4000 INR [OTHER / IN],N/A,216840946,https://market.yandex.ru/product/5819716405
310,140.66,1.4683,3000.0,31.32,4405.0,4634.0,alfaBank,App Store & iTunes 3000 INR [OTHER / IN],N/A,216840946,https://market.yandex.ru/product/5819716404
311,140.70,1.4688,2500.0,26.10,3672.0,3863.0,alfaBank,App Store & iTunes 2500 INR [OTHER / IN],N/A,216840946,https://market.yandex.ru/product/5819716446
312,140.77,1.4695,2000.0,20.88,2939.0,3092.0,alfaBank,App Store & iTunes 2000 INR [OTHER / IN],N/A,216840946,https://market.yandex.ru/product/5819716432
313,140.82,1.4700,7500.0,78.29,11025.0,17190.0,yaBank,Apple Gift Card 7500 INR Индия пополнение кошелька автовыдача / Apple Gift Card India 7500 INR код активации,N/A,216954397,https://market.yandex.ru/product/6074579107
314,142.45,1.4870,1000.0,10.44,1487.0,5999.0,alfaBank,"Подарочная карта Apple iTunes 1000 INR (Индия) /App Store & iTunes Gift Card INR/ Рупий (India), Цифровой ключ",4.8,206471363,https://market.yandex.ru/product/6129668442
315,142.65,1.4891,4500.0,46.98,6701.0,10164.0,alfaBank,"Подарочная карта Apple INR 4,500 App Store & iTunes code, цифровой код, регион Индия",N/A,212264089,https://market.yandex.ru/product/6160818415
316,142.65,1.4891,3500.0,36.54,5212.0,7903.0,alfaBank,"Подарочная карта Apple INR 3,500 App Store & iTunes code, цифровой код, регион Индия",N/A,212264089,https://market.yandex.ru/product/6160818413
317,143.63,1.4994,5000.0,52.20,7497.0,11232.0,withDiscount,"Подарочная карта Apple iTunes 5000 INR / Индия / Цифровой код, пополнение счета / iTunes Gift Card India",4.8,155128813,https://market.yandex.ru/product/794933336
318,143.79,1.5010,2000.0,20.88,3002.0,4493.0,withDiscount,"Подарочная карта Apple iTunes 2000 INR / Индия / Цифровой код, пополнение счета / iTunes Gift Card India",4.8,155128813,https://market.yandex.ru/product/794933336
319,143.88,1.5020,500.0,5.22,751.0,1460.0,alfaBank,Apple Gift Card 500 INR Индия пополнение кошелька автовыдача / Apple Gift Card India 500 INR код активации,N/A,216773728,https://market.yandex.ru/product/5947119023
320,143.98,1.5030,1000.0,10.44,1503.0,2246.0,withDiscount,"Подарочная карта Apple iTunes 1000 INR / Индия / Цифровой код, пополнение счета / iTunes Gift Card India",4.8,155128813,https://market.yandex.ru/product/794933336
321,144.04,1.5036,2500.0,26.10,3759.0,5627.0,withDiscount,"Подарочная карта Apple iTunes 2500 INR / Индия / Цифровой код, пополнение счета / iTunes Gift Card India",4.8,155128813,https://market.yandex.ru/product/794933336
322,144.13,1.5046,5000.0,52.20,7523.0,9392.0,alfaBank,"Подарочная карта App Store на 5000 INR Индия | Apple Gift Card, быстрая выдача",4.6,216837355,https://market.yandex.ru/product/6009592741
323,144.17,1.5050,2000.0,20.88,3010.0,3757.0,alfaBank,"Подарочная карта App Store на 2000 INR Индия | Apple Gift Card, быстрая выдача",4.6,216837355,https://market.yandex.ru/product/6009592741
324,144.17,1.5050,3000.0,31.32,4515.0,5635.0,alfaBank,"Подарочная карта App Store на 3000 INR Индия | Apple Gift Card, быстрая выдача",4.6,216837355,https://market.yandex.ru/product/6009592741
325,144.27,1.5060,1500.0,15.66,2259.0,3380.0,withDiscount,"Подарочная карта Apple iTunes 1500 INR / Индия / Цифровой код, пополнение счета / iTunes Gift Card India",4.8,155128813,https://market.yandex.ru/product/794933336
326,144.42,1.5076,2500.0,26.10,3769.0,4705.0,alfaBank,"Подарочная карта App Store на 2500 INR Индия | Apple Gift Card, быстрая выдача",4.6,216837355,https://market.yandex.ru/product/6009592741
327,144.71,1.5107,1500.0,15.66,2266.0,2827.0,alfaBank,"Подарочная карта App Store на 1500 INR Индия | Apple Gift Card, быстрая выдача",4.6,216837355,https://market.yandex.ru/product/6009592741
328,145.13,1.5150,200.0,2.09,303.0,444.0,alfaBank,"Подарочная карта Apple 200 INR / Карта пополнения AppStore&iTunes / Индия, рупии",N/A,216921781,https://market.yandex.ru/product/6130029834
329,145.22,1.5160,250.0,2.61,379.0,562.0,withDiscount,"Подарочная карта Apple iTunes 250 INR / Индия / Цифровой код, пополнение счета / iTunes Gift Card India",4.8,155128813,https://market.yandex.ru/product/794933336
330,145.70,1.5210,2000.0,20.88,3042.0,3720.0,alfaBank,Карта/код пополнения | App Store | iTunes | Gift Card | 2000 INR (Рупия) | Индия,5.0,94154873,https://market.yandex.ru/product/6128289612
331,145.80,1.5220,500.0,5.22,761.0,1134.0,withDiscount,"Подарочная карта Apple iTunes 500 INR / Индия / Цифровой код, пополнение счета / iTunes Gift Card India",4.8,155128813,https://market.yandex.ru/product/794933336
332,147.04,1.5350,200.0,2.09,307.0,454.0,withDiscount,"Подарочная карта Apple iTunes 200 INR / Индия / Цифровой код, пополнение счета / iTunes Gift Card India",4.8,155128813,https://market.yandex.ru/product/794933336
333,147.52,1.5400,100.0,1.04,154.0,227.0,withDiscount,"Подарочная карта Apple iTunes 100 INR / Индия / Цифровой код, пополнение счета / iTunes Gift Card India",4.8,155128813,https://market.yandex.ru/product/794933336
334,152.31,1.5900,200.0,2.09,318.0,467.0,alfaBank,"Подарочная карта Apple Gift Card / App Store 200 INR, регион India, цифровой код, автовыдача",N/A,216325800,https://market.yandex.ru/product/5719802825
335,153.46,1.6020,2000.0,20.88,3204.0,9999.0,alfaBank,"Подарочная карта Apple iTunes 2000 INR (Индия) /App Store & iTunes Gift Card INR/ Рупий (India), Цифровой ключ",4.8,206471363,https://market.yandex.ru/product/6129668442
336,153.65,1.6040,500.0,5.22,802.0,1300.0,withDiscount,Подарочная карта Apple пополнение счёта на 500 рупий (INR) App Store & iTunes | Индия(India),3.4,216594937,https://market.yandex.ru/product/5078763521
337,153.91,1.6067,1500.0,15.66,2410.0,7999.0,alfaBank,"Подарочная карта Apple iTunes 1500 INR (Индия) /App Store & iTunes Gift Card INR/ Рупий (India), Цифровой ключ",4.8,206471363,https://market.yandex.ru/product/6129668442
338,154.61,1.6140,500.0,5.22,807.0,952.0,yaBank,Карта/код пополнения | App Store | iTunes | Gift Card | 500 INR (Рупия) | Индия,5.0,94154873,https://market.yandex.ru/product/6128289612
339,156.05,1.6290,10000.0,104.39,16290.0,26190.0,alfaBank,Apple Gift Card 10000 INR Индия пополнение кошелька автовыдача / Apple Gift Card India 10000 INR код активации,N/A,216954397,https://market.yandex.ru/product/6074579107
340,156.62,1.6350,4000.0,41.76,6540.0,10510.0,alfaBank,Apple Gift Card 4000 INR Индия пополнение кошелька автовыдача / Apple Gift Card India 4000 INR код активации,N/A,216954397,https://market.yandex.ru/product/6074579107
341,158.44,1.6540,5000.0,52.20,8270.0,10123.0,alfaBank,Карта/код пополнения | App Store | iTunes | Gift Card | 5000 INR (Рупия) | Индия,5.0,94154873,https://market.yandex.ru/product/6128289612
342,160.17,1.6720,1000.0,10.44,1672.0,2970.0,alfaBank,Apple Gift Card 1000 INR Индия пополнение кошелька автовыдача / Apple Gift Card India 1000 INR код активации,N/A,216751186,https://market.yandex.ru/product/5951439845
343,166.13,1.7342,5000.0,52.20,8671.0,14770.0,alfaBank,Apple Gift Card 5000 INR Индия пополнение кошелька автовыдача / Apple Gift Card India 5000 INR код активации,N/A,216751186,https://market.yandex.ru/product/5951439845
344,166.30,1.7360,3000.0,31.32,5208.0,8870.0,alfaBank,Apple Gift Card 3000 INR Индия пополнение кошелька автовыдача / Apple Gift Card India 3000 INR код активации,N/A,216751186,https://market.yandex.ru/product/5951439845
345,166.49,1.7380,2000.0,20.88,3476.0,5920.0,alfaBank,Apple Gift Card 2000 INR Индия пополнение кошелька автовыдача / Apple Gift Card India 2000 INR код активации,N/A,216751186,https://market.yandex.ru/product/5951439845
346,166.53,1.7384,2500.0,26.10,4346.0,7400.0,alfaBank,Apple Gift Card 2500 INR Индия пополнение кошелька автовыдача / Apple Gift Card India 2500 INR код активации,N/A,216751186,https://market.yandex.ru/product/5951439845
347,166.84,1.7417,10000.0,104.39,17417.0,26103.0,withDiscount,"Подарочная карта Apple iTunes 10000 INR / Индия / Цифровой код, пополнение счета / iTunes Gift Card India",4.8,155128813,https://market.yandex.ru/product/794933336
348,167.00,1.7433,1500.0,15.66,2615.0,4450.0,alfaBank,Apple Gift Card 1500 INR Индия пополнение кошелька автовыдача / Apple Gift Card India 1500 INR код активации,N/A,216751186,https://market.yandex.ru/product/5951439845
349,167.73,1.7510,1000.0,10.44,1751.0,2500.0,withDiscount,Подарочная карта Apple пополнение счёта на 1000 рупий (INR) App Store & iTunes | Индия(India),3.4,216594937,https://market.yandex.ru/product/5078763521
350,167.83,1.7520,4000.0,41.76,7008.0,8749.0,alfaBank,"Подарочная карта App Store на 4000 INR Индия | Apple Gift Card, быстрая выдача",4.6,216837355,https://market.yandex.ru/product/6009592741
351,168.84,1.7625,7500.0,78.29,13219.0,22520.0,alfaBank,Apple Gift Card 7500 INR Индия пополнение кошелька автовыдача / Apple Gift Card India 7500 INR код активации,N/A,216751186,https://market.yandex.ru/product/5951439845
352,171.47,1.7900,3000.0,31.32,5370.0,8640.0,alfaBank,Apple Gift Card 3000 INR Индия пополнение кошелька автовыдача / Apple Gift Card India 3000 INR код активации,N/A,216773728,https://market.yandex.ru/product/5947119023
353,171.66,1.7920,2000.0,20.88,3584.0,5760.0,alfaBank,Apple Gift Card 2000 INR Индия пополнение кошелька автовыдача / Apple Gift Card India 2000 INR код активации,N/A,216773728,https://market.yandex.ru/product/5947119023
354,171.97,1.7952,2500.0,26.10,4488.0,7220.0,alfaBank,Apple Gift Card 2500 INR Индия пополнение кошелька автовыдача / Apple Gift Card India 2500 INR код активации,N/A,216773728,https://market.yandex.ru/product/5947119023
355,172.68,1.8027,1500.0,15.66,2704.0,4350.0,alfaBank,Apple Gift Card 1500 INR Индия пополнение кошелька автовыдача / Apple Gift Card India 1500 INR код активации,N/A,216773728,https://market.yandex.ru/product/5947119023
356,177.60,1.8540,1000.0,10.44,1854.0,2890.0,yaBank,Apple Gift Card 1000 INR Индия пополнение кошелька автовыдача / Apple Gift Card India 1000 INR код активации,N/A,216773728,https://market.yandex.ru/product/5947119023
357,180.09,1.8800,200.0,2.09,376.0,388.0,withDiscount,Подарочная карта App Store & iTunes Code (Apple ID) на 200 Индийских рупий | Индия | Оригинальный код,N/A,216968104,https://market.yandex.ru/product/6129891758
358,185.36,1.9350,200.0,2.09,387.0,600.0,withDiscount,Подарочная карта Apple пополнение счёта на 200 рупий (INR) App Store & iTunes | Индия (India),3.4,216594937,https://market.yandex.ru/product/5078763521
359,185.84,1.9400,100.0,1.04,194.0,300.0,withDiscount,Подарочная карта Apple пополнение счёта на 100 рупий (INR) App Store & iTunes | Индия (India),3.4,216594937,https://market.yandex.ru/product/5078763521
360,192.91,2.0138,10000.0,104.39,20138.0,34310.0,alfaBank,Apple Gift Card 10000 INR Индия пополнение кошелька автовыдача / Apple Gift Card India 10000 INR код активации,N/A,216751186,https://market.yandex.ru/product/5951439845
361,193.41,2.0190,4000.0,41.76,8076.0,13760.0,alfaBank,Apple Gift Card 4000 INR Индия пополнение кошелька автовыдача / Apple Gift Card India 4000 INR код активации,N/A,216751186,https://market.yandex.ru/product/5951439845
362,201.17,2.1000,100.0,1.04,210.0,216.0,withDiscount,"Подарочная карта Apple 100 INR / Карта пополнения AppStore&iTunes / Индия, рупии",N/A,216968104,https://market.yandex.ru/product/6129922085
363,205.25,2.1426,10000.0,104.39,21426.0,33440.0,yaBank,Apple Gift Card 10000 INR Индия пополнение кошелька автовыдача / Apple Gift Card India 10000 INR код активации,N/A,216773728,https://market.yandex.ru/product/5947119023
364,206.44,2.1550,200.0,2.09,431.0,444.0,withDiscount,"Подарочная карта Apple 200 INR / Карта пополнения AppStore&iTunes / Индия, рупии",N/A,216968104,https://market.yandex.ru/product/6129922088
365,214.58,2.2400,100.0,1.04,224.0,332.0,alfaBank,"Подарочная карта Apple Gift Card / App Store 100 INR, регион India, цифровой код, автовыдача",N/A,216325800,https://market.yandex.ru/product/5838916307
366,241.40,2.5200,100.0,1.04,252.0,400.0,alfaBank,Подарочная карта/карта оплаты Apple (Apple ID) App Store & iTunes Code на 100 INR | India |,N/A,216567111,https://market.yandex.ru/product/5652536171
367,252.90,2.6400,100.0,1.04,264.0,392.0,alfaBank,Подарочная карта App Store & iTunes Code (Apple ID) на 100 Индийских рупий | Индия | Оригинальный код,N/A,216921781,https://market.yandex.ru/product/6129816150
368,271.42,2.8333,1500.0,15.66,4250.0,6445.0,alfaBank,Подарочная карта оплаты App Store на 1500 INR рупий | моментально | оригинальный код iTunes Gift Card India,5.0,212264089,https://market.yandex.ru/product/1319254929
369,364.02,3.8000,100.0,1.04,380.0,392.0,withDiscount,Подарочная карта App Store & iTunes Code (Apple ID) на 100 Индийских рупий | Индия | Оригинальный код,N/A,216968104,https://market.yandex.ru/product/6129844865
